,Question,AI_Response,Context
0,What is the purpose of the Adverse Outcome Pathway (AOP) database?,"The Adverse Outcome Pathway (AOP) database is a collection of information related to understanding how biological perturbations at the molecular level can lead to adverse outcomes at higher levels of biological organization. The query you provided shows a sampling of AOPs in the database, such as ""Uncharacterized liver damage leading to hepatocellular carcinoma"" and ""Inhibition of the mitochondrial complex I of nigro-striatal neurons leads to parkinsonian motor deficits"". These entries describe pathways by which an initial molecular event can cascade through biological processes to ultimately result in an adverse health effect. The purpose of compiling this information is to better understand mechanisms of toxicity and facilitate more predictive risk assessment for chemicals and other stressors. The AOP framework aims to connect data across multiple biological scales in a knowledgebase to improve environmental and human health decision-making.","The query ""SELECT AOP_id, AOP_name FROM aop_info LIMIT 5;"" retrieves the AOP identification number and name for the first 5 entries in the aop_info table of the adverse outcome pathway database, and the results show the AOP IDs and names for those 5 entries, which include pathways related to liver damage, Parkinson's disease, ecdysis in insects, effects of pentachlorophenol, and PPARÎ± antagonism leading to weight loss."
1,"What are some examples of data available in the ""chemical_gene"" table that relate chemicals to genes and biological interactions?","The ""chemical_gene"" table in the adverse outcome pathway database provides examples of how chemicals can interact with genes and biological processes. The query you provided shows some of these interactions for the chemical '10074-G5'. For instance, it indicates that '10074-G5' can affect or inhibit reactions involving the AR (androgen receptor) and EPHB2 genes, leading to increased or decreased expression of the AR protein and its modified forms. The ""Interaction"" and ""InteractionActions"" columns describe the specific nature of these chemical-gene interactions, such as ""affects reaction"", ""increases expression"", or ""decreases expression"". This data helps elucidate how chemicals can modulate gene expression and cellular pathways, which could potentially lead to adverse outcomes.","The query selects the CasRN (Chemical Abstracts Service Registry Number), ChemicalName, GeneSymbol, Interaction, and InteractionActions columns from the chemical_gene table, and limits the output to the first 5 rows. The results show interactions between the chemical compound '10074-G5' and the genes 'AR' and 'EPHB2'. These interactions include effects on the expression levels of the genes and their protein products, as well as the modification of protein forms. The InteractionActions column provides more specific information about the nature of these interactions, such as whether the chemical compound increases or decreases the expression of a gene or affects a particular reaction."
2,"How can I query the ""event_info"" table to retrieve information about specific key events involved in an Adverse Outcome Pathway, such as the event name, type, and associated biological processes or components?","The provided SQLite query can retrieve key information about specific events involved in an Adverse Outcome Pathway from the ""event_info"" table. The query selects the event_name, event_type, process_name, and object_name columns. This allows you to retrieve details such as the event name, whether it is a key event or a molecular initiating event, the associated biological processes, and the biological components or objects involved.

For example, the result shows events like ""Reduction, 17beta-estradiol synthesis by ovarian granulosa cells"" which is a key event related to the ""estrogen biosynthetic process"" and involving the object ""17beta-estradiol"". Another example is ""Acetylcholinesterase (AchE) Inhibition"" which is a molecular initiating event affecting ""acetylcholinesterase activity"" and involving the ""acetylcholinesterase"" component.

By querying this table, you can gather crucial information about the events that make up an Adverse Outcome Pathway, including their types, related processes, and associated biological entities. This can aid in understanding the mechanistic details and components involved in the pathway.","The given SQLite query selects the event_name, event_type, process_name, and object_name columns from the event_info table and limits the output to the first 5 rows. The results show information about various adverse outcome pathway events, including their names, types (e.g., key-event, molecular-initiating-event), associated biological processes, and related objects (e.g., biological molecules or cellular components)."
3,"How can I join tables in the AOP database to investigate relationships between chemicals, diseases, phenotypes, and the genes potentially mediating those associations?",<generator object RunnableSequence.stream at 0x769dbd323880>,"The given SQLite query selects the event_name, event_type, process_name, and object_name columns from the event_info table and limits the output to the first 5 rows. The results show information about various adverse outcome pathway events, including their names, types (e.g., key-event, molecular-initiating-event), associated biological processes, and related objects (e.g., biological molecules or cellular components)."
4,How can I use the AOP database to understand potential impacts of chemical exposures on different organs or tissues based on the biological events and pathways involved?,"The query you provided tries to retrieve distinct event names and organ codes from the database by joining the event_info, aop_gene, and exposure_studies tables. However, it appears that the query did not return any results. One potential reason could be that there is no data satisfying the join conditions across those tables.

To better understand the potential impacts of chemical exposures on different organs or tissues based on biological events and pathways, it might be helpful to explore the database schema and available data in more detail. Some suggestions:

1. Check the event_info table to see what kinds of biological events are captured and how they are described.

2. Examine the aop_gene table to understand how genes are mapped to adverse outcome pathways (AOPs) and associated organ codes.

3. Look into the exposure_studies table to see what types of chemical exposure studies and phenotypic effects are recorded.

4. Consider joining these tables in different ways or adjusting the filtering criteria to retrieve relevant information.

5. Explore any available documentation or metadata to better understand the content and structure of the AOP database.

With a better understanding of the data available, you may be able to construct more effective queries to link chemical exposures to biological events, pathways, and potential impacts on specific organs or tissues. Don't hesitate to ask for clarification or additional assistance as needed.","The provided SQLite query aims to retrieve distinct combinations of event names and organ codes from the `event_info`, `aop_gene`, and `exposure_studies` tables. The query joins the `event_info` and `aop_gene` tables based on the `AOP_ids` and `AOP_id` columns, respectively, and then joins the `exposure_studies` table based on the `phenotype_id` and `event_id` columns. However, the empty result set indicates that there are no rows in the database that satisfy the join conditions and the `LIMIT 5` clause."
5,"What tables or fields in the AOP database contain information about experimental assays or studies that have investigated the effects of chemical exposures, and how can I query that data?","The query you provided selects data from the `exposure_studies` table, which contains information about experimental studies investigating the effects of chemical exposures on certain diseases or phenotypes. Specifically, it returns the `chemical_id`, `chemical_name`, `disease_id`, `disease_name`, `id` (likely the primary key of the table), `phenotype_id`, and `phenotype_name` columns.

From the result, we can see that this table links chemicals (e.g. Carbamates, Fungicides, Chlorinated Hydrocarbons) to diseases or phenotypes (e.g. Agricultural Workers' Diseases, Retinal Degeneration) that have been studied in relation to exposure to those chemicals.

To query more detailed information about the experimental assays or studies themselves, you would likely need to join this `exposure_studies` table with other tables in the database that contain the study metadata, experimental details, results, etc. Unfortunately, without the full schema, I can't provide the exact queries, but this table seems to be a good starting point for finding chemical exposure studies relevant to your research interests.","The given SQLite query selects the chemical_id, chemical_name, disease_id, disease_name, id, phenotype_id, and phenotype_name columns from the exposure_studies table, and limits the results to the first 5 rows. The results show that the first 5 exposure studies in the database involve chemicals such as Carbamates, Fungicides, and Chlorinated Hydrocarbons, which are associated with diseases like Agricultural Workers' Diseases and Retinal Degeneration, but do not have any phenotype information."
6,"What are some ways to query the ""aop_stressor"" table to investigate the relationships between specific stressors (e.g. chemicals), Adverse Outcome Pathways, and the key events or biological processes impacted?",<generator object RunnableSequence.stream at 0x769dbd322a70>,"The given SQLite query selects the chemical_id, chemical_name, disease_id, disease_name, id, phenotype_id, and phenotype_name columns from the exposure_studies table, and limits the results to the first 5 rows. The results show that the first 5 exposure studies in the database involve chemicals such as Carbamates, Fungicides, and Chlorinated Hydrocarbons, which are associated with diseases like Agricultural Workers' Diseases and Retinal Degeneration, but do not have any phenotype information."
7,"How can I leverage the ""homology_gene"" table and associated fields to investigate evolutionary relationships and functional conservation between orthologous genes across different organisms relevant to toxicological studies?","The ""homology_gene"" table and its associated fields can be leveraged to investigate evolutionary relationships and functional conservation between orthologous genes across different organisms in the following way:

The query groups genes by their ortho_group, which likely represents sets of orthologous genes across species. It then counts the distinct tax_id values (representing different species) for each ortho_group. By ordering the results by the num_species column descending and limiting to the top 5 rows, we get the ortholog groups with the highest number of species represented.

This allows you to identify the most widely conserved ortholog groups across different taxa. Genes within these conserved ortholog groups are strong candidates for investigating functional conservation and evolutionary relationships, as their presence across many species suggests they play important biological roles that have been maintained through evolution.

However, the provided query result only shows the top 5 ortholog groups without any species information. To get more insight, you could modify the query to return the actual species taxonomic identifiers or names for the top conserved ortholog groups. This would allow mapping the ortholog members to their respective organisms for deeper analysis of their functions, sequences, and potential roles in toxicological pathways of interest.","This SQLite query retrieves the top 5 orthologous groups (represented by 'ortho_group') with the highest number of distinct species (represented by 'num_species') from the 'homology_gene' table. The query first finds the maximum 'id_homology' for each 'ortho_group', which likely corresponds to the most recent or representative entry for that group. It then counts the distinct 'tax_id' values (representing different species) associated with those maximum 'id_homology' entries for each 'ortho_group'. The results show that the top 5 orthologous groups, 'ko:K23587', 'ko:K23586', 'ko:K23585', 'ko:K23583', and 'ko:K23582', each have only one distinct species represented in the database."
8,"What tables or fields in the AOP database allow me to explore gene annotations, functional information, and associated biological pathways or processes for genes of interest?","The query you provided helps explore gene annotations, functional information, and associated biological pathways or processes for genes of interest in the AOP database. It joins several tables - gene_info, go_gene, and event_info - to retrieve key pieces of information.

Specifically, it returns the gene symbol from the gene_info table, along with any associated Gene Ontology (GO) annotations from the go_gene table. GO annotations provide functional information about the gene's molecular function, biological process, and cellular component.

The query also pulls in the event_name and process_name columns from the event_info table, which can give insights into the biological processes and pathways that a gene may be involved in.

So in summary, this query allows you to see the gene symbol, GO functional annotations, and any linked biological processes/pathways all in one view for a set of genes. This provides a comprehensive look at annotation data for exploring genes of interest in the AOP database.","The provided SQLite query joins data from three tables - `gene_info`, `go_gene`, and `event_info` - to retrieve gene symbols, their associated Gene Ontology (GO) annotations, biological processes, and pathways. The results show that for the gene 'A1BG', it has been annotated with several GO terms (GO:0002576, GO:0003674, and GO:0005576), but no biological processes or pathways were found in the `event_info` table for this gene."
9,"How can I query and join relevant tables in the AOP database to investigate potential links between specific chemicals, the genes they may interact with or regulate, and any associated diseases or phenotypes that could result from such interactions?","The provided SQL query attempts to join multiple tables from the AOP database to investigate potential links between chemicals, the genes they may interact with, and any associated diseases or phenotypes. Here's how the query works:

1. It selects columns from the `chemical_info`, `chemical_gene`, `disease_gene`, and `chemical_phenotype` tables.
2. The `chemical_info` table is the main table, and it is left joined with the other three tables.
3. The `chemical_gene` table is left joined to connect chemicals with genes they potentially interact with or regulate.
4. The `disease_gene` table is then left joined to connect the genes from the previous step with any associated diseases.
5. Finally, the `chemical_phenotype` table is left joined to include additional phenotypic information related to the chemicals.

However, the query result only shows the first five rows and appears to contain mostly NULL values for the gene symbols, disease IDs, and phenotypic gene symbols. This could be due to the limited data in the example or missing links between the joined tables.

To fully investigate the desired connections, you may need to explore the database further, ensure the table joins are correct, and potentially modify the query to include additional filtering or aggregation based on specific chemicals, genes, or diseases of interest.","The provided SQLite query performs a series of left joins across multiple tables in the adverse outcome pathway database to retrieve information about chemicals, their associated genes, diseases linked to those genes, and gene symbols related to chemical phenotypes. The query selects the CasRN (Chemical Abstracts Service Registry Number), ChemicalID, GeneSymbol associated with the chemical, DiseaseID linked to the gene, and gene_symbol from the chemical_phenotype table. The results show the first 5 rows returned by the query, displaying the CasRN, ChemicalID, and null values for GeneSymbol, DiseaseID, and gene_symbol columns, indicating that no matching data was found for these columns in the joined tables for the retrieved chemicals."
10,"How can I use the ""aop_gene"" table and its relationships with other tables to investigate associations between specific adverse outcome pathways, the key biological events involved, and the genes potentially mediating or regulating those events?",<generator object RunnableSequence.stream at 0x769dbd323970>,"The provided SQLite query performs a series of left joins across multiple tables in the adverse outcome pathway database to retrieve information about chemicals, their associated genes, diseases linked to those genes, and gene symbols related to chemical phenotypes. The query selects the CasRN (Chemical Abstracts Service Registry Number), ChemicalID, GeneSymbol associated with the chemical, DiseaseID linked to the gene, and gene_symbol from the chemical_phenotype table. The results show the first 5 rows returned by the query, displaying the CasRN, ChemicalID, and null values for GeneSymbol, DiseaseID, and gene_symbol columns, indicating that no matching data was found for these columns in the joined tables for the retrieved chemicals."
11,"What tables or fields in the AOP database contain information on experimental conditions, protocols, or readouts from high-throughput screening assays that could aid in evaluating chemical effects or identifying assay targets and bioactivity profiles?","The query you provided does not directly answer your question about experimental conditions, protocols, or readouts from high-throughput screening assays. The query retrieves chemical information (chemical ID, name, CAS registry number) and associated gene symbols from two tables (chemical_info and chemical_gene) in the database, but it does not show any information related to experimental details or assay results.

To find tables or fields containing information on experimental conditions, protocols, or assay readouts, you would likely need to query different tables in the database related to assays, experiments, and their associated metadata. Without knowing the full database schema, it's difficult for me to point you to the exact tables, but common table names for this type of information could include ""assays"", ""experiments"", ""results"", ""readouts"", ""protocols"", etc. Fields within those tables may contain details on assay types, experimental conditions (e.g. dose, time, temperature), measured endpoints or readouts, and other relevant metadata.","The given SQLite query selects distinct combinations of chemical identifiers (ChemicalID), chemical names (ChemicalName), CAS registry numbers (CasRN), and gene symbols (GeneSymbol) from the chemical_info and chemical_gene tables, joining them on the ChemicalID column. The query limits the result to the first 5 rows, and the output shows the retrieved data for those 5 rows, including chemical identifiers, names (where available), empty CAS registry numbers, and associated gene symbols."
12,"What is the overall hierarchical structure and relationships between the core tables in the AOP database (e.g. aop_info, aop_gene, aop_stressor, chemical_info, event_info) that define and link the key components of adverse outcome pathways?",<generator object RunnableSequence.stream at 0x769dbd321300>,"The given SQLite query selects distinct combinations of chemical identifiers (ChemicalID), chemical names (ChemicalName), CAS registry numbers (CasRN), and gene symbols (GeneSymbol) from the chemical_info and chemical_gene tables, joining them on the ChemicalID column. The query limits the result to the first 5 rows, and the output shows the retrieved data for those 5 rows, including chemical identifiers, names (where available), empty CAS registry numbers, and associated gene symbols."
13,"How can I query the ""gene_info"" and related tables to retrieve detailed annotations, identifiers, sequence information, and biological context for specific genes of interest in toxicological studies?","The query you provided retrieves key annotations and identifiers for specific genes from the gene_info table. It returns the HUGO gene symbol, full name from authoritative source, locus tag, description, Entrez Gene ID, taxonomy ID, and type of gene (e.g. protein-coding, pseudo) for each gene. With this information, you can get an overview of the gene, including its official naming, description, species taxonomy, and whether it is a coding or non-coding gene.

To get more detailed annotations like sequences, pathway information, interactions, and additional biological context beyond what is in gene_info, you would need to join this query with other related tables in the database. Some potentially relevant tables to explore could include the gene_sequences, gene_pathways, gene_interactions and gene_go_annotations tables.

By combining information across multiple interlinked tables, you can build up a rich annotation dataset for your specific genes of interest, providing deep biological context to support toxicological studies and analyses. The gene_info table gives a high-level starting point, but joining across tables allows you to dive deeper into the molecular details.","This SQLite query selects various information about the first 5 gene entries from the `gene_info` table in the adverse outcome pathway database. The selected columns include the HUGO gene ID, the official gene symbol, the full name of the gene, the locus tag, a description of the gene, the Entrez gene ID, the taxonomy ID (indicating the species is human with ID 9606), and the type of gene (protein-coding or pseudogene). The results show details for the genes A1BG, A2M, A2MP1, NAT1, and NAT2, providing identifiers, names, descriptions, and classification information for these human genes."
14,"How can I leverage the ""go_gene"" table and its links to other tables like ""gene_info"" to explore functional annotations, biological processes, and molecular functions associated with genes potentially impacted or regulated by chemicals or stressors in adverse outcome pathways?","The query you provided joins the `go_gene` and `gene_info` tables to retrieve information about gene ontology (GO) annotations, Entrez gene IDs, HUGO gene symbols, and PubMed references associated with genes. This can help explore functional annotations, biological processes, and molecular functions linked to genes that may be impacted or regulated by chemicals/stressors in adverse outcome pathways.

Specifically, the `go_gene` table contains GO terms (IDs like 'GO:0005634') mapped to gene entries, which describe biological processes, molecular functions, and cellular components. By joining with `gene_info`, you can link the GO annotations to HUGO gene symbols (e.g. 'AT2G01050') and other identifiers like Entrez IDs. The PubMed IDs can provide references for further exploring the functional roles of those genes.

With this integrated information, you can investigate what biological processes, molecular functions, and cellular locations are potentially perturbed when certain genes are impacted by chemicals or stressors involved in adverse outcome pathways. This allows for a more comprehensive understanding of the mechanisms and pathways underlying toxicity at a systems biology level.","The provided SQLite query joins the `go_gene` and `gene_info` tables on the `entrez` column, and selects the `GO_id`, `entrez`, `HUGO_id`, and `PubMedID` columns from the joined table. The `LIMIT 5` clause restricts the output to the first 5 rows. The results show the first 5 rows of the joined table, containing information such as Gene Ontology (GO) identifiers, Entrez gene IDs, HUGO gene symbols, and PubMed IDs for the selected genes."
15,"How can the ""id_mapping"" table and its relationships be utilized to integrate diverse data sources and identifiers across different databases when analyzing genes, proteins, and associated information relevant to the Adverse Outcome Pathways?","The ""id_mapping"" table serves as a crucial link to integrate diverse data sources and identifiers across different databases relevant to genes, proteins, and associated information for analyzing Adverse Outcome Pathways. This table maps various identifiers such as NCBI GI, UniProtKB accession numbers, RefSeq, Ensembl, EMBL-CDS, PIR, ProteinDataBank, UniParc, PubMedID, UniGene, and Entrez Gene IDs to a single id_id_mapping identifier. The query you provided demonstrates this by joining the id_mapping table twice to retrieve these mapped identifiers along with the taxonomic ID (tax_id) for a few example entries.

By establishing these mappings, researchers can seamlessly connect and cross-reference data from multiple sources like nucleotide and protein sequence databases, literature references, gene expression resources, and taxonomic information. This integration enables comprehensive analysis of genes, proteins, and their roles in adverse outcome pathways by leveraging the combined knowledge from various databases. The id_mapping table essentially serves as a translation layer, facilitating data harmonization and interoperability across diverse biological data repositories. Its relationships allow analysts to navigate through different levels of biological information associated with the genes and proteins of interest.","The provided SQLite query fetches various identifiers associated with protein entries from the 'id_mapping' table, joining it with another 'id_mapping' table to retrieve the corresponding taxonomy IDs. The query selects multiple identifier columns such as NCBI_GI, UniProtKB_AC, UniProtKB_ID, RefSeq, Ensembl, Ensembl_PRO, EMBL-CDS, PIR, ProteinDataBank, UniParc, PubMedID, UniGene, entrez, and tax_id. The results contain the first 5 rows, displaying these identifiers for different organisms like chicken, human, macaque, mouse, and rat related to the protein '1433B'."
16,"What are some key relationships or joins that can be performed between the ""chemical_gene"", ""chemical_disease"", and ""chemical_phenotype"" tables to investigate potential associations between chemical exposures, affected genes, and manifested diseases or phenotypes?",<generator object RunnableSequence.stream at 0x769dbd3208b0>,"The provided SQLite query fetches various identifiers associated with protein entries from the 'id_mapping' table, joining it with another 'id_mapping' table to retrieve the corresponding taxonomy IDs. The query selects multiple identifier columns such as NCBI_GI, UniProtKB_AC, UniProtKB_ID, RefSeq, Ensembl, Ensembl_PRO, EMBL-CDS, PIR, ProteinDataBank, UniParc, PubMedID, UniGene, entrez, and tax_id. The results contain the first 5 rows, displaying these identifiers for different organisms like chicken, human, macaque, mouse, and rat related to the protein '1433B'."
17,"How can the AOP database be used to investigate relationships between exposure to specific chemicals and impacts on biological processes, pathways, or organ systems across different species or model organisms?",<generator object RunnableSequence.stream at 0x769db827c310>,"The provided SQLite query fetches various identifiers associated with protein entries from the 'id_mapping' table, joining it with another 'id_mapping' table to retrieve the corresponding taxonomy IDs. The query selects multiple identifier columns such as NCBI_GI, UniProtKB_AC, UniProtKB_ID, RefSeq, Ensembl, Ensembl_PRO, EMBL-CDS, PIR, ProteinDataBank, UniParc, PubMedID, UniGene, entrez, and tax_id. The results contain the first 5 rows, displaying these identifiers for different organisms like chicken, human, macaque, mouse, and rat related to the protein '1433B'."
18,"What relationships or connections can be explored between the ""aop_stressor"" and ""tc_assays"" tables to understand potential assays or screening methods used to study the effects of specific chemical stressors implicated in adverse outcome pathways?",<generator object RunnableSequence.stream at 0x769dbd322e30>,"The provided SQLite query fetches various identifiers associated with protein entries from the 'id_mapping' table, joining it with another 'id_mapping' table to retrieve the corresponding taxonomy IDs. The query selects multiple identifier columns such as NCBI_GI, UniProtKB_AC, UniProtKB_ID, RefSeq, Ensembl, Ensembl_PRO, EMBL-CDS, PIR, ProteinDataBank, UniParc, PubMedID, UniGene, entrez, and tax_id. The results contain the first 5 rows, displaying these identifiers for different organisms like chicken, human, macaque, mouse, and rat related to the protein '1433B'."
19,"How can I utilize the ""aop_info"" and ""aop_gene"" tables, along with their relationships to other tables, to examine the different components (e.g., molecular initiating events, key events, adverse outcomes) that comprise a specific Adverse Outcome Pathway of interest and the genes/biological processes potentially involved at each stage?","The provided SQLite query joins information from the `aop_info`, `aop_gene`, and `event_info` tables to retrieve details about the components of specific Adverse Outcome Pathways (AOPs) and the genes/biological processes potentially involved at each stage.

Specifically, it selects the `AOP_id`, `event_name` (name of the event), `process_name` (biological process associated with the event), `event_process` (the specific process for that event), and `object_name` (gene name) from the joined tables. This allows you to examine the molecular initiating events, key events, adverse outcomes, and the associated genes/processes for a given AOP of interest.

By ordering the results by `AOP_id` and `process_id`, you can see the sequence of events and processes within each AOP. The example output shows the components for AOP 3, where the molecular initiating event is the ""Binding of inhibitor, NADH-ubiquinone oxidoreductase (complex I)"", affecting the ""mitochondrial electron transport, NADH to ubiquinone"" process, and involving the ""NADH-ubiquinone oxidoreductase chain 1"" gene.

So, this query provides a structured way to explore the different stages of an AOP, the corresponding biological processes, and the genes potentially implicated at each stage, aiding in understanding the mechanisms underlying that adverse outcome pathway.","The SQLite query joins data from the `aop_info`, `aop_gene`, and `event_info` tables to retrieve the AOP ID, event name, process name, event process, and object name related to mitochondrial electron transport and NADH-ubiquinone oxidoreductase (complex I). The results show 5 rows with the AOP ID 3, indicating that this query is focused on a specific adverse outcome pathway involving the binding of inhibitors to NADH-ubiquinone oxidoreductase (complex I), which is a key enzyme in the mitochondrial electron transport chain that transfers electrons from NADH to ubiquinone."
20,"How does the structure and organization of tables in the AOP database reflect the different components and stages involved in an Adverse Outcome Pathway, from initial chemical exposure to potential adverse health outcomes?","The structure and organization of the tables in the Adverse Outcome Pathway (AOP) database reflect the different components and stages involved in an AOP by having separate tables for each key element, which are then linked together through foreign key relationships.

Specifically, the query joins multiple tables to connect information about the chemical substance (chemical_info), potential adverse outcome or phenotype (chemical_phenotype), the AOP identifier (aop_info), the stage or event type in the pathway (event_info), and the affected organ (aop_gene). This allows the database to represent the full chain of events, from the initial chemical exposure, through the key events or pathway stages, to the eventual adverse health outcome or phenotype.

By breaking down the components into separate but linked tables, the database can efficiently store and retrieve information about the individual pieces that make up an AOP. The joins in the query demonstrate how the tables are connected to trace the flow from chemical stressor to potential adverse effect, while also capturing important details like the pathway stage and impacted organ along the way.","The provided SQLite query aims to retrieve information about chemicals, their potential adverse outcomes (phenotypes), associated adverse outcome pathways (AOPs), pathway stages, and affected organs from multiple joined tables. However, the query result is an empty list, indicating that no records meet the specified conditions or the necessary data is missing from the database tables involved in the query."
21,"How can I query the ""species_info"" table and related tables to investigate the taxonomic context, organism details, and evolutionary relationships relevant for genes, pathways, or biological events implicated in Adverse Outcome Pathways across different model organisms or species?",<generator object RunnableSequence.stream at 0x769dbd321210>,"The provided SQLite query aims to retrieve information about chemicals, their potential adverse outcomes (phenotypes), associated adverse outcome pathways (AOPs), pathway stages, and affected organs from multiple joined tables. However, the query result is an empty list, indicating that no records meet the specified conditions or the necessary data is missing from the database tables involved in the query."
22,"How can I leverage the relationships between the ""aop_stressor"", ""chemical_info"", and ""event_info"" tables to investigate the specific key events, biological processes, and components potentially impacted by exposure to a particular chemical stressor implicated in an Adverse Outcome Pathway?","The query you provided joins the `chemical_info`, `aop_stressor`, and `event_info` tables to retrieve information about the chemical names, event names, and process IDs associated with Adverse Outcome Pathways (AOPs) and their corresponding stressors. This allows you to investigate the specific key events, biological processes, and components that may be impacted by exposure to a particular chemical stressor implicated in an AOP.

However, the query did not return any results, which suggests that there may be no data currently available in the database that directly links chemical stressors to key events and biological processes. It's possible that additional data or different table relationships would need to be explored to fully address your question.

If you have more specific information about the chemical stressor or AOP of interest, we could try modifying the query or exploring other relevant tables in the database to gather insights into the potential impacts and mechanisms involved.","The given SQLite query aims to retrieve the chemical name, event name, and process ID for the first 5 entries by joining the chemical_info, aop_stressor, and event_info tables based on the stressor_id and event_id foreign keys. However, the empty result set indicates that there are no rows matching the join conditions across the three tables in the database."
23,"What are some strategies I can use to efficiently query and join the various tables in the AOP database to comprehensively analyze relationships between chemical exposures, implicated genes/proteins, affected biological pathways and processes, and any potential links to adverse health outcomes or phenotypes across different species or model organisms?","The query you provided is an attempt to join multiple tables from the Adverse Outcome Pathway (AOP) database to analyze relationships between chemicals, genes, biological pathways, diseases, organisms, and phenotypes. However, the query appears to have some issues that prevent it from returning meaningful results.

The main problem is that the joins between the tables are not correctly specified, leading to many null values in the output. For example, the join between `chemical_gene` and `disease_gene` tables is based on matching `GeneSymbol`, but these tables may not necessarily have overlapping gene symbols. Similarly, the joins with `pathway_gene` and `go_gene` tables seem to be incorrect.

To efficiently query and analyze the relationships you mentioned, you would need to carefully review the schema and relationships between the tables, and construct the appropriate joins based on the primary and foreign key constraints. Additionally, you may need to incorporate filtering conditions or aggregations to extract the desired information.

Here are some general strategies you could consider:

1. Break down the query into smaller steps, joining a few tables at a time, and inspect the results to ensure the joins are working as expected.
2. Utilize subqueries or temporary tables to simplify the complex joins and make the query more readable.
3. Leverage indexing on the relevant columns to improve query performance, especially for larger datasets.
4. Consider using data visualization tools or reporting tools that can simplify the process of exploring and analyzing the relationships across multiple tables.

Ultimately, efficiently querying and joining tables in a complex database like the AOP requires a thorough understanding of the data model, relationships, and the specific questions you want to answer. It may be helpful to consult the database documentation or seek assistance from someone familiar with the AOP database schema.","The provided SQLite query retrieves distinct combinations of chemical CAS Registry Numbers (CasRN), associated gene symbols for chemicals (chemical_gene), associated gene symbols for diseases (disease_gene), taxonomic identifiers (tax_id), and Gene Ontology (GO) identifiers (GO_id) from multiple tables in the adverse outcome pathway database. The query performs left joins across several tables to link chemical information with gene data, pathway information, exposure studies, and phenotypes. However, the result set contains only the CasRN values for the first five records, with all other columns containing NULL values, suggesting that no matching data was found for the remaining columns in the limited set of records returned."
24,"How can I effectively utilize the ""aop_gene"" table and its relationships to other tables in the AOP database to explore associations between specific genes, their biological functions or pathways, and the key events or adverse outcome pathways they may be involved in or regulate?",<generator object RunnableSequence.stream at 0x769dbd322110>,"The provided SQLite query retrieves distinct combinations of chemical CAS Registry Numbers (CasRN), associated gene symbols for chemicals (chemical_gene), associated gene symbols for diseases (disease_gene), taxonomic identifiers (tax_id), and Gene Ontology (GO) identifiers (GO_id) from multiple tables in the adverse outcome pathway database. The query performs left joins across several tables to link chemical information with gene data, pathway information, exposure studies, and phenotypes. However, the result set contains only the CasRN values for the first five records, with all other columns containing NULL values, suggesting that no matching data was found for the remaining columns in the limited set of records returned."
25,"How can I utilize the ""chemical_info"" and related tables to investigate structural information, synonyms, or other relevant details for specific chemicals of interest when exploring their potential roles or associations within adverse outcome pathways?","The provided SQLite query selects the ChemicalID, ChemicalName, and Synonyms columns from the chemical_info table, limiting the output to the first 5 rows. This query can help investigate structural information, synonyms, and other relevant details for specific chemicals of interest when exploring their potential roles or associations within adverse outcome pathways.

By querying the chemical_info table, you can retrieve the unique identifier (ChemicalID), the primary name (ChemicalName), and a list of synonyms separated by the '|' character for each chemical. The synonyms can provide alternative names, systematic names, or trade names used to refer to the same chemical compound. This information can be helpful when searching for chemicals using different nomenclatures or when cross-referencing chemical data from various sources.

Additionally, the ChemicalID column can potentially be used to join the chemical_info table with other related tables in the database, enabling you to access additional information about the chemicals, such as their structures, physicochemical properties, or associations with specific adverse outcome pathways or biological processes.

Overall, this query provides a starting point for investigating chemical details, and the results can be further explored by combining them with other relevant data in the database or by performing additional queries to gather more comprehensive information about the chemicals of interest and their potential roles in adverse outcome pathways.","The provided SQLite query selects the ChemicalID, ChemicalName, and Synonyms columns from the chemical_info table, and limits the results to the first 5 rows. The results show the ChemicalID, ChemicalName, and a list of synonyms separated by a pipe character (|) for the first 5 chemicals in the database."
26,"How can I query the ""disease_gene"" table and associated tables to investigate potential relationships between specific diseases, the genes implicated in those diseases, and any connections to adverse outcome pathways or chemical exposures that may impact those genes or disease processes?","The provided SQLite query joins data from the disease_gene, chemical_gene, chemical_info, and aop_gene tables to investigate potential relationships between diseases, implicated genes, chemicals, and adverse outcome pathways (AOPs). Specifically, it selects the disease name, gene symbol, chemical identifier, and AOP object name (which appears to be the gene symbol again).

By left joining the disease_gene table with the others, this query allows you to see which diseases are associated with particular genes, as well as any chemicals or AOPs that may be linked to those same genes. The results show some example diseases like ""Adenocarcinoma"" along with associated gene symbols like ""A1BG"", and any chemical IDs or AOP object names related to that gene.

While limited to 5 results, this type of query could potentially reveal connections between a disease, the genes involved, chemicals that interact with those genes, and any AOPs those genes participate in. This integrated view can help uncover potential impacts of chemical exposures on disease processes mediated through specific genes and biological pathways.

However, to fully investigate such relationships, you may need to explore the results more thoroughly, join with additional tables, filter for diseases/genes of interest, and correlate the information with external sources on gene functions, chemical mechanisms, and disease biology. But this query provides a good starting point to identify associations across the integrated data.","The given SQLite query retrieves the disease name, gene symbol, chemical ID, and adverse outcome pathway (AOP) object name for the first 5 rows where there is a match between the disease gene, chemical gene, chemical information, and AOP gene tables. The results show that for the disease ""Adenocarcinoma"" and the gene symbol ""A1BG"", there are multiple associated chemical IDs from the MeSH database, but no matched AOP object names."
27,"How can I leverage the relationships between the ""aop_stressor"", ""chemical_info"", ""event_info"", and ""tc_assays"" tables to investigate potential assays, screening methods, or experimental readouts that could help evaluate the effects of specific chemical stressors involved in adverse outcome pathways on key biological events, processes, or molecular targets?",<generator object RunnableSequence.stream at 0x769db827c9a0>,"The given SQLite query retrieves the disease name, gene symbol, chemical ID, and adverse outcome pathway (AOP) object name for the first 5 rows where there is a match between the disease gene, chemical gene, chemical information, and AOP gene tables. The results show that for the disease ""Adenocarcinoma"" and the gene symbol ""A1BG"", there are multiple associated chemical IDs from the MeSH database, but no matched AOP object names."
28,"How can I utilize the hierarchical relationships between the ""aop_info"", ""aop_gene"", ""event_info"", and related tables to explore the sequence of key biological events, processes, and components that comprise a specific Adverse Outcome Pathway for a chemical stressor of interest?","The query you provided illustrates how to utilize the hierarchical relationships between the ""aop_info"", ""aop_gene"", and ""event_info"" tables to explore the key biological events and processes that make up an Adverse Outcome Pathway (AOP) for a specific chemical stressor. 

It joins the three tables together, allowing you to retrieve the AOP ID, event name, and process name associated with each molecular initiating event and subsequent key events along the AOP. By ordering the results by AOP ID and process ID, you can see the sequence of events and underlying biological processes that link the initial chemical interaction to an adverse outcome.

For example, the results show that for AOP 3, the molecular initiating event is ""Binding of inhibitor, NADH-ubiquinone oxidoreductase (complex I)"", which triggers mitochondrial electron transport disruption from NADH to ubiquinone. This gives insight into the initial key event and biological process perturbed by the chemical stressor for this specific AOP. To fully map out the AOP, you could increase the result limit to view all connected events and processes.","The provided SQLite query retrieves the AOP (Adverse Outcome Pathway) ID, event name, and process name from the aop_info, aop_gene, and event_info tables, joining them based on the AOP_id and event_id foreign keys. The results are ordered by AOP_id and process_id, and limited to 5 rows. The output shows that for AOP ID 3, there are multiple instances of the event ""Binding of inhibitor, NADH-ubiquinone oxidoreductase (complex I)"" associated with the process ""mitochondrial electron transport, NADH to ubiquinone"", suggesting that this AOP involves the inhibition of the mitochondrial electron transport chain complex I."
29,"How can I query the AOP database to identify potential relationships between organ-specific adverse effects and the biological processes, pathways, or key events associated with different Adverse Outcome Pathways across multiple species or model organisms?","The provided SQLite query attempts to retrieve information that could potentially help identify relationships between organ-specific adverse effects and biological processes, pathways, or key events associated with different Adverse Outcome Pathways (AOPs) across multiple species or model organisms. However, the query did not return any results, which could be due to several reasons:

1. Lack of data: The AOP database may not have sufficient data to establish the desired relationships, or the data may be incomplete or inconsistent.

2. Query structure: The query may need to be modified or optimized to better align with the database schema and retrieve the relevant information.

3. Join conditions: The join conditions between the tables may need to be adjusted to account for any changes in the database structure or to capture the desired relationships more accurately.

Without a comprehensive understanding of the database schema and the available data, it's challenging to provide a definitive solution. However, here are some general suggestions that could help:

1. Examine the database schema and data: Review the structure of the tables involved, the data types, and the relationships between them to ensure that the query is correctly constructed.

2. Adjust the join conditions: Modify the join conditions to account for any potential changes in the database schema or to better capture the desired relationships.

3. Explore alternative queries: Experiment with different queries or query structures that may be better suited to retrieve the desired information.

4. Consult documentation or subject matter experts: If available, refer to the documentation or seek guidance from subject matter experts familiar with the AOP database to better understand its structure and content.

Identifying potential relationships between organ-specific adverse effects and biological processes, pathways, or key events associated with AOPs across multiple species or model organisms can be a complex task, requiring a thorough understanding of the database and the underlying data. Collaboration with domain experts and iterative query refinement may be necessary to achieve the desired results.","The given SQLite query selects distinct combinations of the process name from the event_info table, the OrganCode from the aop_gene table, the tax_id and path_id from the pathway_gene table, and the GO_id from the go_gene table. It joins the event_info and aop_gene tables on the process_id and event_id columns, and then performs left joins with the pathway_gene and go_gene tables on the AOP_id column. However, the query limits the results to 5 rows, and since the results are an empty list, it indicates that there are no matching records in the database for the given join conditions."
30,"How can I effectively utilize the ""exposure_studies"" table and its relationships with other tables in the AOP database to investigate potential links between specific chemical exposures, associated phenotypic effects or disease outcomes, and the experimental evidence or studies supporting these connections?","The query you provided retrieves chemical names, disease names, and phenotype names from the ""exposure_studies"" table in the AOP database. This table appears to contain information linking specific chemicals to diseases and phenotypic effects, which can help investigate potential connections between chemical exposures and adverse outcomes.

To effectively utilize this table and its relationships, you could:

1. Explore the full list of chemicals, diseases, and phenotypes present by running the query without a limit. This gives an overview of the data available.

2. Join the ""exposure_studies"" table with other related tables, such as those containing experimental evidence or study details, to get more comprehensive information about the linkages between exposures and effects.

3. Filter or search the data based on chemicals of interest to find associated diseases/phenotypes and vice versa. This can reveal potential exposure-outcome relationships to investigate further.

4. Analyze the data to identify patterns, such as chemicals frequently linked to certain diseases or shared phenotypic effects across multiple exposures.

5. Leverage any available metadata or documentation to understand the context and limitations of the data, such as experimental conditions or confidence levels.

Overall, the ""exposure_studies"" table provides a starting point to explore connections between chemical exposures and adverse effects, which can be enriched by integrating data from other relevant tables and sources within the AOP database.","The provided SQLite query selects the chemical name, disease name, and phenotype name from the exposure_studies table, limiting the output to the first 5 rows. The results show that the chemicals 'Carbamates', 'Fungicides, Industrial', and 'Hydrocarbons, Chlorinated' are associated with the diseases 'Agricultural Workers' Diseases' and 'Retinal Degeneration', with no phenotype names specified for these entries."
31,"How can I leverage the relationships between the ""aop_gene"", ""gene_info"", ""go_gene"", and related tables to investigate functional annotations, biological pathways, and gene ontology terms associated with genes potentially involved in or regulated by specific Adverse Outcome Pathways?",<generator object RunnableSequence.stream at 0x769db827d3f0>,"The provided SQLite query selects the chemical name, disease name, and phenotype name from the exposure_studies table, limiting the output to the first 5 rows. The results show that the chemicals 'Carbamates', 'Fungicides, Industrial', and 'Hydrocarbons, Chlorinated' are associated with the diseases 'Agricultural Workers' Diseases' and 'Retinal Degeneration', with no phenotype names specified for these entries."
32,"How can I utilize the relationships between tables like ""chemical_gene"", ""id_mapping"", and ""homology_gene"" to explore potential orthologs, evolutionary conservation, and shared interactions across different organisms for genes implicated in Adverse Outcome Pathways initiated by chemical exposures?","The query you provided demonstrates how to utilize the relationships between the ""chemical_gene"", ""id_mapping"", and ""homology_gene"" tables to explore potential orthologs and evolutionary conservation across different organisms. Specifically:

1. The ""chemical_gene"" table contains information about which genes are associated with particular chemicals. 
2. The ""id_mapping"" table maps genes to their corresponding taxonomy IDs (tax_id), allowing you to identify the organism.
3. The ""homology_gene"" table groups genes into orthologous groups (ortho_group) based on their evolutionary relationships.

By joining these tables together, you can retrieve the gene symbol, associated chemical ID, organism taxonomy ID, and orthologous group ID for a given set of genes. This enables you to analyze which genes may have conserved functions or interactions across different species based on their membership in orthologous groups. Additionally, you can explore how certain chemical exposures may impact related biological pathways in diverse organisms by examining the implicated orthologs.

The query provided shows an example of retrieving this information, limited to the first 5 results. It appears to be retrieving data for the gene ""AR"" (androgen receptor) associated with a specific chemical identifier (MESH:C534883) in humans (tax_id 9606), which is a member of orthologous group 3.","This SQLite query joins three tables - `chemical_gene`, `id_mapping`, and `homology_gene` - to retrieve the `GeneSymbol`, `ChemicalID`, `tax_id` (species ID), and `ortho_group` (homology group) for the first 5 rows where the `tax_id` matches across the tables. The results show that all 5 rows correspond to the androgen receptor gene (`AR`) associated with the chemical compound with ID `MESH:C534883` in the species with `tax_id` 9606 (human), belonging to the orthology group 3."
33,"How can I utilize the ""orthoscores"" and ""homology_gene"" tables in the AOP database to investigate evolutionary conservation and functional similarities between orthologous genes across different species that may be relevant for understanding the potential impacts of chemical exposures or adverse outcome pathways?","The query you provided shows the top 5 ortholog groups from the ""homology_gene"" table, ordered by the number of distinct Entrez gene IDs they contain. This gives us insight into highly conserved ortholog groups across multiple species. The ""orthoscores"" table likely contains similarity scores quantifying the degree of conservation between orthologs in each group.

To investigate evolutionary conservation and potential impacts on adverse outcome pathways, you could:

1. Identify ortholog groups of interest based on their relevance to specific biological processes, pathways or toxicity mechanisms using the gene annotations.

2. Analyze the distribution of orthoscores within those groups across species to understand the level of conservation and functional similarities between the orthologs.

3. Integrate this with knowledge of chemical interactions with those genes/pathways to evaluate potential cross-species effects of exposures.

4. Highly conserved ortholog groups with known roles in toxicity pathways may point to evolutionarily conserved mechanisms vulnerable to chemical disruption across species.

This approach leverages evolutionary relationships to extrapolate biological impacts across species, providing a powerful tool for chemical risk assessment and understanding mechanisms underlying adverse outcomes. The database allows querying conservation at a pathway level rather than single genes.","The given SQLite query retrieves the top 5 orthologous groups (ortho_group) from the homology_gene table, ordered by the number of distinct genes (entrez) they contain in descending order. The results show that the orthologous group 'ko:K04257' contains the highest number of distinct genes (59,696), followed by 'ko:K09228' with 21,740 genes, 'ko:K09422' with 12,971 genes, 'ko:K00799' with 9,899 genes, and 'ko:K04733' with 9,460 genes."
34,"How can I query the AOP database to explore relationships between the gene-disease associations in the ""disease_gene"" table and potential adverse outcome pathways or chemical exposures that may impact those genes or contribute to disease processes?","The provided SQLite query helps explore relationships between gene-disease associations and potential adverse outcome pathways (AOPs) or chemical exposures that may impact those genes or contribute to disease processes. Here's how it works:

1. The query selects rows from the `disease_gene` table, which contains information about diseases and their associated genes.

2. It performs a LEFT JOIN with the `aop_gene` table to include any AOP names (`object_name`) that are linked to the genes from `disease_gene`.

3. Another LEFT JOIN is done with the `chemical_gene` table to include any chemical IDs (`ChemicalID`) that are associated with the genes.

4. The result shows the `DiseaseID`, `GeneSymbol`, the AOP name (`aop_name`), and the chemical ID (`ChemicalID`) for each matching row.

5. The `LIMIT 5` clause restricts the output to the first 5 rows for demonstration purposes.

By joining these three tables, the query allows you to see potential connections between diseases, their associated genes, any AOPs related to those genes, and any chemicals that may interact with or impact those genes. This can provide insights into potential adverse outcome pathways or chemical exposures that could contribute to or exacerbate certain disease processes involving specific genes.","The given SQLite query retrieves the DiseaseID, GeneSymbol, associated adverse outcome pathway (AOP) name, and ChemicalID from the disease_gene table, left joining with the aop_gene table to get the AOP name, and the chemical_gene table to get the ChemicalID, where the GeneSymbol matches across the tables. The query limits the results to 5 rows. The results show that for the disease with ID 'C0001418' and gene symbol 'A1BG', there are no associated AOP names, but several chemical IDs from the MESH database are linked to this gene, including 'MESH:C000944', 'MESH:C005556', 'MESH:C006253', and 'MESH:C006780'."
35,"How can I leverage the relationships between the ""aop_stressor"", ""chemical_info"", ""event_info"", and ""pathway_gene"" tables to investigate potential biological pathways or processes that may be impacted by exposure to specific chemical stressors implicated in adverse outcome pathways?",<generator object RunnableSequence.stream at 0x769dbd3216c0>,"The given SQLite query retrieves the DiseaseID, GeneSymbol, associated adverse outcome pathway (AOP) name, and ChemicalID from the disease_gene table, left joining with the aop_gene table to get the AOP name, and the chemical_gene table to get the ChemicalID, where the GeneSymbol matches across the tables. The query limits the results to 5 rows. The results show that for the disease with ID 'C0001418' and gene symbol 'A1BG', there are no associated AOP names, but several chemical IDs from the MESH database are linked to this gene, including 'MESH:C000944', 'MESH:C005556', 'MESH:C006253', and 'MESH:C006780'."
36,"What tables or fields in the AOP database contain information on the specific experimental conditions, protocols, or technical details of the various assays and screening methods used to study the effects of chemical exposures or identify potential targets and bioactivities relevant to adverse outcome pathways?","The query `SELECT pubmedID FROM exposure_studies LIMIT 5;` retrieves the PubMed IDs of the first 5 exposure studies in the database. While this information is helpful for identifying specific studies, it does not directly answer your question about what tables or fields contain experimental details and protocols.

To find information on the experimental conditions and assay details, you would likely want to look in tables related to the assays, models, and endpoints used in the studies. Some potentially relevant tables could include:

- An ""assays"" or ""experiments"" table with fields for details like assay type, protocol, reagents, etc.
- A ""models"" table with fields for the biological system (cell line, animal model, etc.) and related metadata.
- An ""endpoints"" or ""measurements"" table with fields describing what was measured (gene expression, protein levels, phenotypes, etc.) and how.

The exposure_studies table itself may also contain some high-level details, but the specifics are likely captured in related tables linked by foreign keys. Looking at the schema and descriptions of the various tables would give you a better understanding of where to find the technical details you are interested in.","The given SQLite query ""SELECT pubmedID FROM exposure_studies LIMIT 5;"" retrieves the first five distinct PubMed IDs from the ""exposure_studies"" table in the adverse outcome pathway database. The results show that all five rows returned have the same PubMed ID '10797505', indicating that this particular ID is associated with multiple exposure studies in the database."
37,"How can I utilize the relationships between the ""aop_stressor"", ""chemical_info"", ""event_info"", and ""snps"" tables to investigate potential genetic variants or polymorphisms in genes that may influence susceptibility or responses to specific chemical stressors implicated in adverse outcome pathways?","The query you provided attempts to join the chemical_info, event_info, and snps tables to retrieve chemical names, event names, and associated genetic traits or polymorphisms (SNPs) that may influence susceptibility or responses to specific chemical stressors in adverse outcome pathways. However, the empty result set indicates that there are no matching records across these tables based on the join conditions specified.

This could be due to a few reasons:

1. The join conditions may not be correct or appropriate for establishing the desired relationships between the tables.
2. The data in these tables may be incomplete or lacking the necessary information to make the connections you are looking for.
3. There may be issues with the data types, formatting, or naming conventions used across the tables, preventing proper joining.

To fully investigate potential genetic variants or polymorphisms influencing chemical stressor responses, you may need to revisit the database schema, data integrity, and join conditions. Additionally, you might need to explore other tables or data sources that provide more comprehensive information on the relationships between chemicals, adverse outcome pathway events, and genetic factors.

If you can provide more context or specifics about the data you are working with, I may be able to suggest alternative approaches or query modifications to better address your research question.","The given SQLite query attempts to retrieve the chemical name, event name, and associated trait from the `chemical_info`, `event_info`, and `snps` tables by joining them based on the `ChemicalID`, `object_id`, and `refsnp_id` columns. However, the empty result set suggests that there are no rows in the database that satisfy the join conditions specified in the query."
38,"How can I query the AOP database to investigate potential relationships or associations between specific chemical exposures, the biological pathways or processes impacted, and any links to altered gene expression patterns or transcriptional regulation that may contribute to the key events or adverse outcomes involved in an Adverse Outcome Pathway?",<generator object RunnableSequence.stream at 0x769db827c8b0>,"The given SQLite query attempts to retrieve the chemical name, event name, and associated trait from the `chemical_info`, `event_info`, and `snps` tables by joining them based on the `ChemicalID`, `object_id`, and `refsnp_id` columns. However, the empty result set suggests that there are no rows in the database that satisfy the join conditions specified in the query."
39,"How can I utilize the relationships between the ""aop_stressor"", ""chemical_info"", ""event_info"", and ""tc_assays"" tables to investigate potential assays, experimental readouts, or screening methods that have been used to study the effects of specific chemical stressors implicated in adverse outcome pathways on key biological events, processes, or molecular targets?",<generator object RunnableSequence.stream at 0x769db827ca90>,"The given SQLite query attempts to retrieve the chemical name, event name, and associated trait from the `chemical_info`, `event_info`, and `snps` tables by joining them based on the `ChemicalID`, `object_id`, and `refsnp_id` columns. However, the empty result set suggests that there are no rows in the database that satisfy the join conditions specified in the query."
40,"How can I utilize the ""snp_frequencies"" and ""snps"" tables in the AOP database to investigate potential genetic variations or single nucleotide polymorphisms (SNPs) that may influence individual susceptibility, responses, or adverse outcomes associated with chemical exposures implicated in specific Adverse Outcome Pathways?","The ""snps"" and ""snp_frequencies"" tables in the AOP database can be very useful for investigating potential genetic variations or SNPs that may influence individual susceptibility, responses, or adverse outcomes associated with chemical exposures implicated in specific Adverse Outcome Pathways. The query you provided joins these two tables to retrieve information about individual SNPs, including their reference SNP ID, alternative and reference alleles, the trait they are associated with, and their allele frequencies across different populations (African, American, European, and the minor allele frequency).

By analyzing this data, researchers can identify SNPs that may play a role in modulating the effects of chemical exposures on adverse outcome pathways. SNPs with higher minor allele frequencies in certain populations could potentially confer increased susceptibility or altered responses to specific chemical exposures. Additionally, the trait information associated with each SNP can provide insights into the biological processes or pathways that may be affected by both the genetic variation and the chemical exposure, helping to elucidate the underlying mechanisms.

This combined genetic and population-level information can guide further investigations, such as studying the functional consequences of these SNPs, exploring gene-environment interactions, and potentially developing personalized risk assessments or interventions based on an individual's genetic profile and exposure history.","The provided SQLite query selects specific columns from the `snps` and `snp_frequencies` tables, joining them based on the `refsnp_id` column. It retrieves the `refsnp_id`, `alt_allele`, `ref_allele`, and `trait` columns from the `snps` table, along with the `afr_frequency`, `amr_frequency`, `eur_frequency`, and `maf` columns from the `snp_frequencies` table. The query limits the output to the first 5 rows. The results show the values for these columns for the first 5 rows returned by the query, providing information about various single nucleotide polymorphisms (SNPs) and their frequencies across different populations."
41,"How can I use the relationships between the ""aop_gene"", ""chemical_gene"", and related tables to investigate potential mechanisms by which specific chemicals may impact or regulate the expression or activity of genes implicated in Adverse Outcome Pathways?","The query you provided attempts to join information from multiple tables to investigate relationships between chemicals, genes, and events related to Adverse Outcome Pathways (AOPs). However, the result set is empty, which suggests there may be no data matching the query criteria or the relationships between the tables are not properly established.

To investigate potential mechanisms by which specific chemicals impact gene expression or activity implicated in AOPs, the ideal approach would be to have well-curated data linking chemicals to specific genes and those genes to relevant AOP events. The query aims to achieve this by joining the `chemical_gene`, `chemical_info`, `aop_gene`, and `event_info` tables.

If data exists in these tables with proper relationships, a query like this could provide valuable insights. For example, it could show which chemicals are linked to the expression or activity of specific genes, and how those genes are associated with key events in AOPs. This information could help elucidate potential molecular initiating events, key events, and adverse outcomes related to chemical exposures.

However, since the result set is empty, it may indicate gaps in the data or issues with the table relationships. To fully leverage this approach, ensuring complete and accurate data in the relevant tables would be essential.","The provided SQLite query aims to retrieve distinct combinations of chemical names, gene symbols, event names, and object names related to adverse outcome pathways (AOPs). The query performs a series of joins across multiple tables, including `chemical_gene`, `chemical_info`, `aop_gene`, and `event_info`, to connect the relevant information. However, the empty result set `[]` indicates that the query did not find any matching records within the specified limit of 5 rows in the database."
42,"How can I utilize the ""tissue_networks"" table and its relationships with other tables in the AOP database to investigate potential tissue-specific effects or context-dependent impacts of chemical exposures implicated in adverse outcome pathways across different organ systems or cell types?",<generator object RunnableSequence.stream at 0x769db827da80>,"The provided SQLite query aims to retrieve distinct combinations of chemical names, gene symbols, event names, and object names related to adverse outcome pathways (AOPs). The query performs a series of joins across multiple tables, including `chemical_gene`, `chemical_info`, `aop_gene`, and `event_info`, to connect the relevant information. However, the empty result set `[]` indicates that the query did not find any matching records within the specified limit of 5 rows in the database."
43,"How can I query the AOP database to explore potential relationships between specific chemical stressors, the biological pathways or processes they may impact, and any downstream effects or adverse outcomes that could arise from dysregulation of those pathways across different organ systems or cell types?","The query you provided allows you to explore potential relationships between specific chemical stressors, biological pathways or processes they may impact, and adverse outcomes linked to those pathways. It does this by joining information from multiple tables in the AOP database.

Specifically, it retrieves the stressor ID, stressor name, event process (biological pathway/process), event type (whether it's a molecular initiating event or key event), and the AOP ID linking them together. The results show some chemical stressors like rotenone, pyridaben, and fenpyroximate that appear to impact NADH dehydrogenase activity and mitochondrial electron transport. Disruption of these processes could potentially lead to downstream effects like mitochondrial dysfunction and associated adverse outcomes across cell types or organ systems reliant on ATP production.

By modifying the query, you can explore different combinations of stressors, biological processes, event types, and AOPs to uncover other potential linkages between chemical exposures and adverse effects mediated through specific pathways. The AOP framework aims to map out these causal biological pathways connecting molecular initiating events triggered by stressors to downstream key events and adverse outcomes.","This SQLite query joins three tables: `aop_stressor`, `stressor_info`, and `aop_gene`, to retrieve distinct combinations of stressor IDs, stressor names, event processes, event types, and AOP IDs, limiting the results to the first 5 rows. The results show various stressors, such as ""1',2'-dihydrorotenone"", ""Fenpyroximate"", and ""Rotenone"", along with their associated event processes like ""NADH dehydrogenase (ubiquinone) activity"" and ""mitochondrial electron transport, NADH to ubiquinone"", which are classified as either ""key-event"" or ""molecular-initiating-event"" types, all related to the AOP with ID 3."
44,"How can I leverage the relationships between the ""exposure_studies"" table and other relevant tables in the AOP database to investigate potential associations between specific chemical exposures, experimental study details, and any observed phenotypic effects, adverse outcomes, or biological processes that may have been impacted?",<generator object RunnableSequence.stream at 0x769db827e110>,"This SQLite query joins three tables: `aop_stressor`, `stressor_info`, and `aop_gene`, to retrieve distinct combinations of stressor IDs, stressor names, event processes, event types, and AOP IDs, limiting the results to the first 5 rows. The results show various stressors, such as ""1',2'-dihydrorotenone"", ""Fenpyroximate"", and ""Rotenone"", along with their associated event processes like ""NADH dehydrogenase (ubiquinone) activity"" and ""mitochondrial electron transport, NADH to ubiquinone"", which are classified as either ""key-event"" or ""molecular-initiating-event"" types, all related to the AOP with ID 3."
45,"How can I query the AOP database to investigate potential relationships between organ-specific adverse effects and the key biological events, pathways, or processes implicated in different Adverse Outcome Pathways across multiple species or model organisms?",<generator object RunnableSequence.stream at 0x769dbd90f2e0>,"This SQLite query joins three tables: `aop_stressor`, `stressor_info`, and `aop_gene`, to retrieve distinct combinations of stressor IDs, stressor names, event processes, event types, and AOP IDs, limiting the results to the first 5 rows. The results show various stressors, such as ""1',2'-dihydrorotenone"", ""Fenpyroximate"", and ""Rotenone"", along with their associated event processes like ""NADH dehydrogenase (ubiquinone) activity"" and ""mitochondrial electron transport, NADH to ubiquinone"", which are classified as either ""key-event"" or ""molecular-initiating-event"" types, all related to the AOP with ID 3."
46,"How can I leverage the relationships between tables like ""aop_stressor"", ""chemical_info"", ""event_info"", and ""pathway_gene"" to investigate biological pathways or processes potentially impacted by exposure to specific chemical stressors implicated in adverse outcome pathways?","The query you provided attempts to explore the relationships between the ""event_info"", ""aop_stressor"", ""chemical_info"", ""chemical_gene"", and ""pathway_gene"" tables to identify biological pathways or processes that may be impacted by exposure to specific chemical stressors involved in adverse outcome pathways (AOPs). However, the query did not return any results, which could be due to a few potential reasons:

1. Lack of data: If the database does not contain sufficient information to establish the connections between the tables, the query will not yield any results.

2. Missing relationships: The query assumes specific relationships between the tables, which may not exist or may be modeled differently in the database schema.

3. Data inconsistencies: Inconsistencies or errors in the data, such as missing values or incorrect references, can prevent the query from finding matches across the joined tables.

To effectively leverage the relationships between these tables and investigate biological pathways or processes impacted by chemical stressors, you may need to:

1. Verify the database schema and relationships between the tables to ensure the query is constructed correctly.
2. Check the data in each table for completeness and consistency, addressing any issues or gaps.
3. Explore alternative query approaches or refine the existing query based on the specific data available and the desired outcome.

Additionally, it may be helpful to consult the documentation or schema description of the adverse outcome pathway database to better understand the structure, relationships, and intended use of the tables involved.","The given SQLite query joins multiple tables from the adverse outcome pathway database to retrieve the event name, process name, chemical ID, gene/protein ID, and taxonomic ID for the first 5 entries where a chemical stressor is associated with a gene/protein in a pathway. However, the empty result set indicates that there are no records satisfying the join conditions across the selected tables when limited to the first 5 rows."
47,"How can I utilize the ""snps"" and ""snp_frequencies"" tables, along with their relationships to other relevant tables like ""chemical_gene"" and ""gene_info"", to investigate potential genetic variations or single nucleotide polymorphisms in genes that may influence individual susceptibility, responses, or the manifestation of adverse outcomes associated with exposure to specific chemical stressors implicated in Adverse Outcome Pathways?",<generator object RunnableSequence.stream at 0x769db827d5d0>,"The given SQLite query joins multiple tables from the adverse outcome pathway database to retrieve the event name, process name, chemical ID, gene/protein ID, and taxonomic ID for the first 5 entries where a chemical stressor is associated with a gene/protein in a pathway. However, the empty result set indicates that there are no records satisfying the join conditions across the selected tables when limited to the first 5 rows."
48,"How can I utilize the taxonomic information in the ""species_info"" table to investigate potential species-specific differences or similarities in the biological events, pathways, or adverse outcomes associated with particular Adverse Outcome Pathways initiated by chemical exposures across different model organisms?",<generator object RunnableSequence.stream at 0x769db827dd50>,"The given SQLite query joins multiple tables from the adverse outcome pathway database to retrieve the event name, process name, chemical ID, gene/protein ID, and taxonomic ID for the first 5 entries where a chemical stressor is associated with a gene/protein in a pathway. However, the empty result set indicates that there are no records satisfying the join conditions across the selected tables when limited to the first 5 rows."
49,"How can I leverage the information in the ""aop_stressor"" and ""chemical_info"" tables to investigate potential relationships between specific chemical structures, properties, or molecular features and their ability to initiate or influence specific Adverse Outcome Pathways?",<generator object RunnableSequence.stream at 0x769db827d8a0>,"The given SQLite query joins multiple tables from the adverse outcome pathway database to retrieve the event name, process name, chemical ID, gene/protein ID, and taxonomic ID for the first 5 entries where a chemical stressor is associated with a gene/protein in a pathway. However, the empty result set indicates that there are no records satisfying the join conditions across the selected tables when limited to the first 5 rows."
