,Question,Query,Query Results
0,What are the 5 most recent AOP events in the database?,"SELECT event_name, event_id FROM event_info ORDER BY event_id DESC LIMIT 5;","[('Increased, Male Biased Sex Ratio ', 1791), ('Increased, Differentiation to Testis  ', 1790), ('Reduction, 17beta-estradiol synthesis by the undifferentiated gonad  ', 1789), ('Status epilepticus ', 1788), ('increase, retained nipples in males ', 1786)]"
1,What are the names and IDs of 5 chemicals related to cancer?,"SELECT chemical_name, chemical_id FROM chemical_disease WHERE disease_name LIKE ""%cancer%"" LIMIT 5;","[('10074-G5', 'C534883'), ('10-(2-pyrazolylethoxy)camptothecin', 'C534422'), ('103D5R', 'C496879'), ('103D5R', 'C496879'), ('103D5R', 'C496879')]"
2,List 5 genes associated with Alzheimer's disease along with their scores,"SELECT GeneSymbol, score FROM disease_gene WHERE DiseaseName LIKE ""%Alzheimer%"" LIMIT 5;","[('A2M', 0.4), ('A2M', 0.3), ('A2M', 0.31), ('A2M', 0.3), ('A2M', 0.3)]"
3,"Show the chemical names, disease names, and PubMed IDs for 5 exposure studies","SELECT chemical_name, disease_name, pubmedID FROM exposure_studies LIMIT 5;","[('Carbamates', ""Agricultural Workers' Diseases"", '10797505'), ('Carbamates', 'Retinal Degeneration', '10797505'), ('Fungicides, Industrial', ""Agricultural Workers' Diseases"", '10797505'), ('Fungicides, Industrial', 'Retinal Degeneration', '10797505'), ('Hydrocarbons, Chlorinated', ""Agricultural Workers' Diseases"", '10797505')]"
4,Get the official gene symbols for 5 genes with SNP data,SELECT symbol_from_authority FROM gene_info JOIN snps ON gene_info.entrez = snps.entrez LIMIT 5;,"[('ACACA',), ('ACACA',), ('ACACA',), ('ACACA',), ('ACHE',)]"
5,What are 5 chemicals that interact with the TP53 gene?,"SELECT ChemicalName FROM chemical_gene WHERE GeneSymbol = ""TP53"" LIMIT 5;","[('10-decarbamoylmitomycin C',), ('10-decarbamoylmitomycin C',), (""11,11'-dideoxyverticilin"",), ('1,2,5,6-dibenzanthracene',), ('1,2,5,6-dibenzanthracene',)]"
6,List 5 AOP stressors along with their associated AOP and event names,"SELECT s.stressor_name, a.AOP_name, e.event_name FROM aop_stressor s JOIN aop_info a ON s.AOP_id = a.AOP_id JOIN event_info e ON s.event_id = e.event_id LIMIT 5;","[('Benzo(k)fluoranthene ', 'Peroxisomal Fatty Acid Beta-Oxidation Inhibition Leading to Steatosis ', 'Decreased, PPAR-alpha activation; Decreased, PPAR-alpha activation '), ('Benzo(k)fluoranthene ', 'Glucocorticoid Receptor activation leading to hepatic steatosis ', 'Decreased, PPAR-alpha activation; Decreased, PPAR-alpha activation '), ('Cypermethrin ', 'Axonal sodium channel modulation leading to acute mortality ', 'modulation, sodium channel '), ('Permethrin ', 'Axonal sodium channel modulation leading to acute mortality ', 'modulation, sodium channel '), ('Esfenvalerate ', 'Axonal sodium channel modulation leading to acute mortality ', 'modulation, sodium channel ')]"
7,Show the GO terms and evidence for 5 gene-GO annotations,"SELECT GO_term, evidence FROM go_gene LIMIT 5;","[('nucleus', 'ISM'), ('biological_process', 'ND'), ('DNA-binding transcription factor activity', 'ISS'), ('nucleus', 'ISM'), ('regulation of transcription, DNA-templated', 'TAS')]"
8,Get the chromosome and description for 5 genes,"SELECT chromosome, description FROM gene_info LIMIT 5;","[('19', 'alpha-1-B glycoprotein'), ('12', 'alpha-2-macroglobulin'), ('12', 'alpha-2-macroglobulin pseudogene 1'), ('8', 'N-acetyltransferase 1'), ('8', 'N-acetyltransferase 2')]"
9,What are the 5 most common alternate alleles found in SNP data?,"SELECT alt_allele, COUNT(*) AS count FROM snps GROUP BY alt_allele ORDER BY count DESC LIMIT 5;","[('NA', 822), ('T', 606), ('A', 602), ('C', 510), ('G', 482)]"
10,What are the 5 most recent chemicals added to the database?,"SELECT ChemicalName, ChemicalID FROM chemical_info ORDER BY rowid DESC LIMIT 5;","[('Epigen', 'MESH:D066261'), ('Epiregulin', 'MESH:D066260'), ('Betacellulin', 'MESH:D066259'), ('Amphiregulin', 'MESH:D066258'), ('Heparin-binding EGF-like Growth Factor', 'MESH:D066257')]"
11,List the 5 diseases with the most associated genes.,"SELECT DiseaseName, COUNT(GeneSymbol) as num_genes FROM disease_gene GROUP BY DiseaseName ORDER BY num_genes DESC LIMIT 5;","[('Malignant neoplasm of breast', 5053), ('Breast Carcinoma', 4962), ('Carcinogenesis', 4064), ('Neoplasm Metastasis', 3919), ('Liver carcinoma', 3592)]"
12,Show the names and IDs of 5 AOPs related to liver toxicity.,"SELECT AOP_id, AOP_name FROM aop_info WHERE AOP_id IN (SELECT DISTINCT AOP_id FROM aop_gene WHERE OrganCode = 'LIVER') LIMIT 5;",[]
13,Find chemicals that interact with the TP53 gene and their interaction types.,"SELECT ChemicalName, Interaction, InteractionActions FROM chemical_gene WHERE GeneSymbol = 'TP53' LIMIT 5;","[('10-decarbamoylmitomycin C', '10-decarbamoylmitomycin C results in increased stability of TP53 protein', 'increases^stability'), ('10-decarbamoylmitomycin C', '[10-decarbamoylmitomycin C results in increased stability of TP53 protein] which results in increased expression of CDKN1A mRNA', 'increases^expression|increases^stability'), (""11,11'-dideoxyverticilin"", ""11,11'-dideoxyverticilin results in increased expression of and results in increased phosphorylation of TP53 protein"", 'increases^expression|increases^phosphorylation'), ('1,2,5,6-dibenzanthracene', 'TP53 protein affects the reaction [1,2,5,6-dibenzanthracene results in increased expression of CYP1A1 protein]', 'affects^reaction|increases^expression'), ('1,2,5,6-dibenzanthracene', 'TP53 protein results in increased susceptibility to 1,2,5,6-dibenzanthracene', 'increases^response to substance')]"
14,Get the 5 most studied diseases based on number of PubMed publications.,"SELECT DiseaseName, COUNT(DISTINCT PubMedID) as num_pubs FROM disease_gene GROUP BY DiseaseName ORDER BY num_pubs DESC LIMIT 5;", 
15,Retrieve the gene names and descriptions for 5 genes involved in breast cancer.,"SELECT full_name_from_authority, description FROM gene_info WHERE entrez IN (SELECT entrez FROM disease_gene WHERE DiseaseName = 'breast cancer') LIMIT 5;",[]
16,List the 5 latest exposure studies on lung diseases.,"SELECT chemical_name, disease_name, pubmedID FROM exposure_studies WHERE disease_name LIKE '%lung%' ORDER BY rowid DESC LIMIT 5;","[('Arsenic', 'Lung Neoplasms', '9554605'), ('Air Pollutants, Occupational', 'Lung Diseases, Obstructive', '28376835'), ('Gadolinium', 'Lung Diseases', '28201627'), ('Arsenic', 'Lung Neoplasms', '27901016'), ('nitarsone', 'Lung Neoplasms', '27735789')]"
17,Show the gene symbols and phenotypes for 5 genes associated with Parkinson's disease.,"SELECT g.GeneSymbol, p.phenotype_name FROM disease_gene d JOIN chemical_phenotype p ON d.GeneSymbol = p.gene_symbol JOIN chemical_gene g ON p.gene_symbol = g.GeneSymbol WHERE d.DiseaseName = 'Parkinson disease' LIMIT 5;",[]
18,Find the 5 pathways with the most associated genes.,"SELECT path_name, COUNT(entrez) as num_genes FROM pathway_gene GROUP BY path_name ORDER BY num_genes DESC LIMIT 5;","[('Metabolic pathways', 771256), ('Biosynthesis of secondary metabolites', 205080), ('Ribosome', 102322), ('Carbon metabolism', 85711), ('Endocytosis', 81024)]"
19,Get the chemical names and disease names from 5 recent exposure studies on reproductive toxicity.,"SELECT chemical_name, disease_name FROM exposure_studies WHERE disease_name LIKE '%reproductive%' ORDER BY rowid DESC LIMIT 5;",[]
20,Find the 5 most recent AOP names and IDs,"SELECT AOP_name, AOP_id FROM aop_info ORDER BY AOP_id DESC LIMIT 5;","[('Alkylation of DNA leading to reduced sperm count ', 322), ('Reduced environmental pH leading to thinner shells in Mytilus edulis ', 321), ('Binding of viral S-glycoprotein to ACE2 receptor  leading to acute respiratory distress associated mortality ', 320), ('ACE2 inhibition leading to lung fibrosis ', 319), ('Glucocorticoid Receptor activation leading to hepatic steatosis ', 318)]"
21,Get the chemical names and IDs for 3 chemicals linked to a disease,"SELECT chemical_name, chemical_id FROM chemical_disease GROUP BY chemical_id LIMIT 3;","[('ethosuximide, quinacrine drug combination', 'C000025'), ('allysine', 'C000061'), ('4-methylaminorex', 'C000081')]"
22,Retrieve the gene symbols and entrez IDs for 5 genes associated with a chemical,"SELECT GeneSymbol, entrez FROM chemical_gene GROUP BY entrez LIMIT 5;","[('A1BG', 1), ('A2M', 2), ('A2MP1', 3), ('NAT1', 9), ('NAT2', 10)]"
23,List the 3 most common organ codes and contexts for events,"SELECT OrganCode, OrganContext, COUNT(*) AS count FROM event_info GROUP BY OrganCode, OrganContext ORDER BY count DESC LIMIT 3;","[('', '', 907), ('UBERON:0002107 ', 'liver ', 12), ('UBERON:0000955; UBERON:0000955 ', 'brain; brain ', 10)]"
24,"Show the chemical names, disease names, and PubMedIDs for 2 exposure studies","SELECT chemical_name, disease_name, pubmedID FROM exposure_studies LIMIT 2;","[('Carbamates', ""Agricultural Workers' Diseases"", '10797505'), ('Carbamates', 'Retinal Degeneration', '10797505')]"
25,Get the full names and descriptions for 4 genes,"SELECT full_name_from_authority, description FROM gene_info LIMIT 4;","[('alpha-1-B glycoprotein', 'alpha-1-B glycoprotein'), ('alpha-2-macroglobulin', 'alpha-2-macroglobulin'), ('alpha-2-macroglobulin pseudogene 1', 'alpha-2-macroglobulin pseudogene 1'), ('N-acetyltransferase 1', 'N-acetyltransferase 1')]"
26,Display the GO term and category for 3 gene ontology entries,"SELECT GO_term, Category FROM go_gene LIMIT 3;","[('nucleus', 'Component'), ('biological_process', 'Process'), ('DNA-binding transcription factor activity', 'Function')]"
27,Retrieve the entrez IDs and ortholog groups for 5 homology gene entries,"SELECT entrez, ortho_group FROM homology_gene LIMIT 5;","[(34, '3'), (469356, '3'), (705168, '3'), (490207, '3'), (505968, '3')]"
28,Find the UniProtKB accession and ID for 2 genes from the id_mapping table,"SELECT UniProtKB_AC, UniProtKB_ID FROM id_mapping LIMIT 2;","[('Q5ZLQ6', '1433B_CHICK'), ('P31946', '1433B_HUMAN')]"
29,Show the pathway name and source for 4 pathway gene associations,"SELECT path_name, int_source FROM pathway_gene LIMIT 4;","[('Glycolysis / Gluconeogenesis', 'KEGG Pathways'), ('Glycolysis / Gluconeogenesis', 'KEGG Pathways'), ('Glycolysis / Gluconeogenesis', 'KEGG Pathways'), ('Glycolysis / Gluconeogenesis', 'KEGG Pathways')]"
30,List the names and IDs of 5 adverse outcome pathways (AOPs),"SELECT AOP_id, AOP_name FROM aop_info LIMIT 5;","[(1, 'Uncharacterized liver damage leading to hepatocellular carcinoma '), (3, 'Inhibition of the mitochondrial complex I of nigro-striatal neurons leads to parkinsonian motor deficits '), (4, 'Ecdysone receptor agonism leading to incomplete ecdysis associated mortality '), (5, 'pentachlorophenol early events '), (6, 'Antagonist binding to PPARα leading to body-weight loss ')]"
31,"Find the chemical names, IDs, and stressors for 5 AOPs","SELECT c.ChemicalName, c.ChemicalID, s.stressor_name FROM aop_stressor s JOIN chemical_info c ON s.stressor_id = c.ChemicalID LIMIT 5;",[]
32,Retrieve the disease names and gene symbols for 5 chemical-disease associations,"SELECT chemical_name, disease_name, gene_symbol FROM chemical_disease LIMIT 5;","[('06-Paris-LA-66 protocol', 'Precursor Cell Lymphoblastic Leukemia-Lymphoma', ''), ('10074-G5', 'Adenocarcinoma', 'MYC'), ('10074-G5', 'Adenocarcinoma of Lung', 'MYC'), ('10074-G5', 'Alopecia', 'AR'), ('10074-G5', 'Androgen-Insensitivity Syndrome', 'AR')]"
33,Get the gene symbols and interactions for 5 chemical-gene associations,"SELECT GeneSymbol, Interaction FROM chemical_gene LIMIT 5;","[('AR', '10074-G5 affects the reaction [MYC protein results in increased expression of AR protein]'), ('AR', '10074-G5 inhibits the reaction [EPHB2 protein modified form results in increased expression of AR protein]'), ('AR', '10074-G5 results in decreased expression of AR protein'), ('AR', '10074-G5 results in decreased expression of AR protein alternative form'), ('EPHB2', '10074-G5 inhibits the reaction [EPHB2 protein modified form results in increased expression of AR protein]')]"
34,"Retrieve the event names, types, and associated objects for 5 events in the AOP database","SELECT event_name, event_type, object_name FROM event_info LIMIT 5;","[('Reduction, 17beta-estradiol synthesis by ovarian granulosa cells; Reduction, 17beta-estradiol synthesis by ovarian granulosa cells ', 'key-event', '17beta-estradiol; 17beta-estradiol '), ('Decreased, 3-hydroxyacyl-CoA dehydrogenase type-2 activity ', 'key-event', '3-hydroxyacyl-CoA dehydrogenase type-2 '), ('Activation, 5HT2c ', 'molecular-initiating-event', '5-hydroxytryptamine receptor 2C '), ('Acetylcholine accumulation in synapses; Acetylcholine accumulation in synapses ', 'key-event', 'acetylcholine; acetylcholine '), ('Acetylcholinesterase (AchE) Inhibition; Acetylcholinesterase (AchE) Inhibition ', 'molecular-initiating-event', 'acetylcholinesterase; acetylcholinesterase ')]"
35,Find the phenotype names and actions for 5 chemical exposure studies,"SELECT chemical_name, phenotype_name, phenotype_action FROM exposure_studies LIMIT 5;","[('Carbamates', '', ''), ('Carbamates', '', ''), ('Fungicides, Industrial', '', ''), ('Fungicides, Industrial', '', ''), ('Hydrocarbons, Chlorinated', '', '')]"
36,"Get the gene symbols, chromosomes, and descriptions for 5 genes","SELECT symbol_from_authority, chromosome, description FROM gene_info LIMIT 5;","[('A1BG', '19', 'alpha-1-B glycoprotein'), ('A2M', '12', 'alpha-2-macroglobulin'), ('A2MP1', '12', 'alpha-2-macroglobulin pseudogene 1'), ('NAT1', '8', 'N-acetyltransferase 1'), ('NAT2', '8', 'N-acetyltransferase 2')]"
37,Retrieve the GO terms and evidence for 5 gene-GO associations,"SELECT GO_term, evidence FROM go_gene LIMIT 5;","[('nucleus', 'ISM'), ('biological_process', 'ND'), ('DNA-binding transcription factor activity', 'ISS'), ('nucleus', 'ISM'), ('regulation of transcription, DNA-templated', 'TAS')]"
38,Find the ortholog groups and sources for 5 gene homology entries,"SELECT ortho_group, source FROM homology_gene LIMIT 5;","[('3', 'NCBI HomoloGene'), ('3', 'NCBI HomoloGene'), ('3', 'NCBI HomoloGene'), ('3', 'NCBI HomoloGene'), ('3', 'NCBI HomoloGene')]"
39,Get the pathway names and external sources for 5 pathway-gene associations,"SELECT path_name, ext_source FROM pathway_gene LIMIT 5;","[('Glycolysis / Gluconeogenesis', 'KEGG Pathways'), ('Glycolysis / Gluconeogenesis', 'KEGG Pathways'), ('Glycolysis / Gluconeogenesis', 'KEGG Pathways'), ('Glycolysis / Gluconeogenesis', 'KEGG Pathways'), ('Glycolysis / Gluconeogenesis', 'KEGG Pathways')]"
40,List the names of the 5 most recent chemicals in the chemical_info table,SELECT ChemicalName FROM chemical_info ORDER BY ChemicalID DESC LIMIT 5;,"[('Epigen',), ('Epiregulin',), ('Betacellulin',), ('Amphiregulin',), ('Heparin-binding EGF-like Growth Factor',)]"
41,What are the 5 most common diseases associated with chemicals in the chemical_disease table?,"SELECT disease_name, COUNT(*) AS count FROM chemical_disease GROUP BY disease_name ORDER BY count DESC LIMIT 5;","[('Liver Cirrhosis, Experimental', 115640), ('Prostatic Neoplasms', 102296), ('Breast Neoplasms', 99024), ('Carcinoma, Hepatocellular', 87300), ('Chemical and Drug Induced Liver Injury', 69678)]"
42,Show the names and IDs of 5 adverse outcome pathways (AOPs) from the aop_info table,"SELECT AOP_id, AOP_name FROM aop_info LIMIT 5;","[(1, 'Uncharacterized liver damage leading to hepatocellular carcinoma '), (3, 'Inhibition of the mitochondrial complex I of nigro-striatal neurons leads to parkinsonian motor deficits '), (4, 'Ecdysone receptor agonism leading to incomplete ecdysis associated mortality '), (5, 'pentachlorophenol early events '), (6, 'Antagonist binding to PPARα leading to body-weight loss ')]"
43,List the gene symbols and chemical names for 5 entries in the chemical_gene table,"SELECT GeneSymbol, ChemicalName FROM chemical_gene LIMIT 5;","[('AR', '10074-G5'), ('AR', '10074-G5'), ('AR', '10074-G5'), ('AR', '10074-G5'), ('EPHB2', '10074-G5')]"
44,Retrieve the 5 most recent exposure studies from the exposure_studies table,"SELECT chemical_name, disease_name, pubmedID FROM exposure_studies ORDER BY id DESC LIMIT 5;","[('Arsenic', 'Hypertension', '9931084'), ('NA', 'NA', '9709993'), ('Arsenic', 'Urinary Bladder Neoplasms', '9554605'), ('Arsenic', 'Skin Neoplasms', '9554605'), ('Arsenic', 'Lung Neoplasms', '9554605')]"
45,"Show the names of 5 genes associated with the disease ""Breast Neoplasms"" in the disease_gene table","SELECT GeneSymbol FROM disease_gene WHERE DiseaseName = ""Breast Neoplasms"" LIMIT 5;",[]
46,Get the chemical names and phenotype names for 5 entries in the chemical_phenotype table,"SELECT chemical_name, phenotype_name FROM chemical_phenotype LIMIT 5;","[('10,10-bis(4-pyridinylmethyl)-9(10H)-anthracenone', 'transmission of nerve impulse'), (""10-(4'-(N-diethylamino)butyl)-2-chlorophenoxazine"", 'cell proliferation'), (""10-(4'-(N-diethylamino)butyl)-2-chlorophenoxazine"", 'positive regulation of megakaryocyte differentiation'), (""10-(6'-ubiquinonyl)decyltriphenylphosphonium bromide"", 'apoptotic process'), (""10-(6'-ubiquinonyl)decyltriphenylphosphonium bromide"", 'apoptotic process')]"
47,Retrieve the 5 most common GO terms associated with genes in the go_gene table,"SELECT GO_term, COUNT(*) AS count FROM go_gene GROUP BY GO_term ORDER BY count DESC LIMIT 5;","[('nucleus', 58522), ('cytoplasm', 44531), ('integral component of membrane', 34841), ('molecular_function', 32067), ('membrane', 31410)]"
48,List the 5 most recent pathway names from the pathway_gene table,SELECT DISTINCT path_name FROM pathway_gene ORDER BY id DESC LIMIT 5;,"[('RNA Polymerase I Transcription Termination',), ('RNA Polymerase I Transcription Initiation',), ('NoRC negatively regulates rRNA expression',), ('ERCC6 (CSB) and EHMT2 (G9a) positively regulate rRNA expression',), ('Major pathway of rRNA processing in the nucleolus and cytosol',)]"
49,Show the names of 5 stressors from the aop_stressor table,SELECT DISTINCT stressor_name FROM aop_stressor LIMIT 5;,"[('Benzo(k)fluoranthene ',), ('Cypermethrin ',), ('Permethrin ',), ('Esfenvalerate ',), ('Tralomethrin ',)]"
50,What are some Adverse Outcome Pathways (AOPs) in the database?,SELECT AOP_name FROM aop_info LIMIT 5;,"[('Uncharacterized liver damage leading to hepatocellular carcinoma ',), ('Inhibition of the mitochondrial complex I of nigro-striatal neurons leads to parkinsonian motor deficits ',), ('Ecdysone receptor agonism leading to incomplete ecdysis associated mortality ',), ('pentachlorophenol early events ',), ('Antagonist binding to PPARα leading to body-weight loss ',)]"
51,What are some chemicals present in the database?,SELECT ChemicalName FROM chemical_info LIMIT 5;,"[('bevonium',), ('insulin, neutral',), ('N-acetylglucosaminylasparagine',), ('5-(n-acetaminophenylazo)-8-oxyquinoline',), ('N-acetyl-L-arginine',)]"
52,What are some diseases associated with chemicals in the database?,SELECT DISTINCT disease_name FROM chemical_disease LIMIT 5;,"[('Precursor Cell Lymphoblastic Leukemia-Lymphoma',), ('Adenocarcinoma',), ('Adenocarcinoma of Lung',), ('Alopecia',), ('Androgen-Insensitivity Syndrome',)]"
53,What are some genes associated with chemicals in the database?,SELECT DISTINCT GeneSymbol FROM chemical_gene LIMIT 5;,"[('AR',), ('EPHB2',), ('MAX',), ('MYC',), ('FOS',)]"
54,What are some phenotypes associated with chemicals in the database?,SELECT DISTINCT phenotype_name FROM chemical_phenotype LIMIT 5;,"[('transmission of nerve impulse',), ('cell proliferation',), ('positive regulation of megakaryocyte differentiation',), ('apoptotic process',), ('cellular respiration',)]"
55,What are some events in an AOP?,SELECT DISTINCT event_name FROM event_info LIMIT 5;,"[('Reduction, 17beta-estradiol synthesis by ovarian granulosa cells; Reduction, 17beta-estradiol synthesis by ovarian granulosa cells ',), ('Decreased, 3-hydroxyacyl-CoA dehydrogenase type-2 activity ',), ('Activation, 5HT2c ',), ('Acetylcholine accumulation in synapses; Acetylcholine accumulation in synapses ',), ('Acetylcholinesterase (AchE) Inhibition; Acetylcholinesterase (AchE) Inhibition ',)]"
56,What are some gene ontology terms associated with genes in the database?,SELECT DISTINCT GO_term FROM go_gene LIMIT 5;,"[('nucleus',), ('biological_process',), ('DNA-binding transcription factor activity',), ('regulation of transcription, DNA-templated',), ('molecular_function',)]"
57,What are some pathways that genes in the database are involved in?,SELECT DISTINCT path_name FROM pathway_gene LIMIT 5;,"[('Glycolysis / Gluconeogenesis',), ('Citrate cycle (TCA cycle)',), ('Pentose phosphate pathway',), ('Pentose and glucuronate interconversions',), ('Fructose and mannose metabolism',)]"
58,What are some types of assays in the database?,SELECT DISTINCT assay_name FROM tc_assays LIMIT 5;,"[('ACEA_ER',), ('APR_Hepat_1hr',), ('APR_Hepat_24hr',), ('APR_Hepat_48hr',), ('APR_HepG2_1hr',)]"
59,What are some tissues for which gene networks are present in the database?,SELECT DISTINCT tissue_name FROM tissue_networks LIMIT 5;,"[('""adipose-tissue""',), ('""adrenal-cortex""',), ('""adrenal-gland""',), ('""amygdala""',), ('""aorta""',)]"
60,Find the names of 3 adverse outcome pathways (AOPs),SELECT AOP_name FROM aop_info LIMIT 3;,"[('Uncharacterized liver damage leading to hepatocellular carcinoma ',), ('Inhibition of the mitochondrial complex I of nigro-striatal neurons leads to parkinsonian motor deficits ',), ('Ecdysone receptor agonism leading to incomplete ecdysis associated mortality ',)]"
61,List 5 chemicals along with their chemical IDs,"SELECT ChemicalName, ChemicalID FROM chemical_info LIMIT 5;","[('bevonium', 'MESH:C000002'), ('insulin, neutral', 'MESH:C000006'), ('N-acetylglucosaminylasparagine', 'MESH:C000009'), ('5-(n-acetaminophenylazo)-8-oxyquinoline', 'MESH:C000011'), ('N-acetyl-L-arginine', 'MESH:C000015')]"
62,Get the gene symbols of 2 genes associated with a disease,SELECT GeneSymbol FROM disease_gene LIMIT 2;,"[('A1BG',), ('A1BG',)]"
63,Show the names of 3 phenotypes linked to chemicals,SELECT DISTINCT phenotype_name FROM chemical_phenotype LIMIT 3;,"[('transmission of nerve impulse',), ('cell proliferation',), ('positive regulation of megakaryocyte differentiation',)]"
64,Retrieve the names of 4 diseases studied in exposure experiments,SELECT DISTINCT disease_name FROM exposure_studies LIMIT 4;,"[(""Agricultural Workers' Diseases"",), ('Retinal Degeneration',), ('Carcinoma, Squamous Cell',), ('NA',)]"
65,List the full names of 2 genes from the gene info table,SELECT full_name_from_authority FROM gene_info LIMIT 2;,"[('alpha-1-B glycoprotein',), ('alpha-2-macroglobulin',)]"
66,Get the names of 3 biological processes targeted by assays,SELECT DISTINCT biological_process_target FROM tc_assays LIMIT 3;,"[('cell proliferation',), ('',), ('protein stabilization',)]"
67,Show 2 gene ontology terms from the go_gene table,SELECT GO_term FROM go_gene LIMIT 2;,"[('nucleus',), ('biological_process',)]"
68,Retrieve the names of 4 tissues from the tissue networks table,SELECT DISTINCT tissue_name FROM tissue_networks LIMIT 4;,"[('""adipose-tissue""',), ('""adrenal-cortex""',), ('""adrenal-gland""',), ('""amygdala""',)]"
69,List 3 unique sources from the homology_gene table,SELECT DISTINCT source FROM homology_gene LIMIT 3;,"[('NCBI HomoloGene',), ('KEGG Orthology',)]"
70,Find the names and IDs of the 5 most recently added adverse outcome pathways (AOPs),"SELECT AOP_id, AOP_name FROM aop_info ORDER BY AOP_id DESC LIMIT 5;","[(322, 'Alkylation of DNA leading to reduced sperm count '), (321, 'Reduced environmental pH leading to thinner shells in Mytilus edulis '), (320, 'Binding of viral S-glycoprotein to ACE2 receptor  leading to acute respiratory distress associated mortality '), (319, 'ACE2 inhibition leading to lung fibrosis '), (318, 'Glucocorticoid Receptor activation leading to hepatic steatosis ')]"
71,"List the chemicals associated with a specific disease (e.g., cancer)","SELECT chemical_name, chemical_id FROM chemical_disease WHERE disease_name = 'cancer' LIMIT 5;",[]
72,"Retrieve the genes associated with a particular chemical (e.g., aspirin)","SELECT GeneSymbol, entrez FROM chemical_gene WHERE ChemicalName = 'aspirin' LIMIT 5;",[]
73,"Get the top 5 genes associated with a specific disease (e.g., Alzheimer's disease)","SELECT GeneSymbol, entrez, score FROM disease_gene WHERE DiseaseName = 'Alzheimer''s disease' ORDER BY score DESC LIMIT 5;",[]
74,"Show the chemical names and IDs for chemicals involved in exposure studies related to a particular disease (e.g., diabetes)","SELECT DISTINCT chemical_name, chemical_id FROM exposure_studies WHERE disease_name = 'diabetes' LIMIT 5;",[]
75,"Find the gene ontology (GO) terms associated with a specific gene (e.g., TP53)","SELECT GO_term, Category FROM go_gene WHERE entrez = (SELECT entrez FROM gene_info WHERE symbol_from_authority = 'TP53') LIMIT 5;","[('negative regulation of transcription by RNA polymerase II', 'Process'), ('DNA strand renaturation', 'Process'), ('nuclear chromatin', 'Component'), ('nuclear chromatin', 'Component'), ('nuclear chromatin', 'Component')]"
76,"List the orthologous genes for a given gene (e.g., BRCA1) across different species","SELECT ortho_group, source FROM homology_gene WHERE entrez = (SELECT entrez FROM gene_info WHERE symbol_from_authority = 'BRCA1') LIMIT 5;","[('5276', 'NCBI HomoloGene'), ('ko:K10605', 'KEGG Orthology')]"
77,"Retrieve the pathways a particular gene (e.g., AKT1) is involved in",SELECT path_name FROM pathway_gene WHERE entrez = (SELECT entrez FROM gene_info WHERE symbol_from_authority = 'AKT1') LIMIT 5;,"[('EGFR tyrosine kinase inhibitor resistance',), ('Endocrine resistance',), ('Platinum drug resistance',), ('MAPK signaling pathway',), ('ErbB signaling pathway',)]"
78,"Get the tissue-specific gene interaction networks for a given tissue (e.g., brain)","SELECT entrez1, entrez2, probability FROM tissue_networks WHERE tissue_name = 'brain' LIMIT 5;",[]
79,"Find the assays and their details for a specific intended target gene (e.g., EGFR)","SELECT assay_name, organism, detection_technology FROM tc_assays WHERE intended_target_officialSymbol = 'EGFR' LIMIT 5;","[('BSK_hDFCGF', 'human', 'ELISA'), ('BSK_hDFCGF', 'human', 'ELISA'), ('NVS_ENZ_hEGFR', 'human', 'Fluorescence and electrophoretic mobility shift'), ('NVS_ENZ_hEGFR', 'human', 'Fluorescence and electrophoretic mobility shift')]"
80,List 5 adverse outcome pathways (AOPs) and their status,"SELECT AOP_name, AOP_status FROM aop_info LIMIT 5;",
81,Find the chemical names and IDs of 5 chemicals linked to a disease,"SELECT chemical_name, chemical_id FROM chemical_disease LIMIT 5;","[('06-Paris-LA-66 protocol', 'C046983'), ('10074-G5', 'C534883'), ('10074-G5', 'C534883'), ('10074-G5', 'C534883'), ('10074-G5', 'C534883')]"
82,Get 5 gene symbols and their associated diseases,"SELECT GeneSymbol, DiseaseName FROM disease_gene LIMIT 5;","[('A1BG', 'Adenocarcinoma'), ('A1BG', 'Amyotrophic Lateral Sclerosis'), ('A1BG', 'Down Syndrome'), ('A1BG', 'Glioblastoma'), ('A1BG', 'Hepatomegaly')]"
83,Retrieve 5 entries showing the interaction between a chemical and a gene,"SELECT ChemicalName, GeneSymbol, Interaction FROM chemical_gene LIMIT 5;","[('10074-G5', 'AR', '10074-G5 affects the reaction [MYC protein results in increased expression of AR protein]'), ('10074-G5', 'AR', '10074-G5 inhibits the reaction [EPHB2 protein modified form results in increased expression of AR protein]'), ('10074-G5', 'AR', '10074-G5 results in decreased expression of AR protein'), ('10074-G5', 'AR', '10074-G5 results in decreased expression of AR protein alternative form'), ('10074-G5', 'EPHB2', '10074-G5 inhibits the reaction [EPHB2 protein modified form results in increased expression of AR protein]')]"
84,List 5 chemicals and their associated phenotypes,"SELECT chemical_name, phenotype_name FROM chemical_phenotype LIMIT 5;","[('10,10-bis(4-pyridinylmethyl)-9(10H)-anthracenone', 'transmission of nerve impulse'), (""10-(4'-(N-diethylamino)butyl)-2-chlorophenoxazine"", 'cell proliferation'), (""10-(4'-(N-diethylamino)butyl)-2-chlorophenoxazine"", 'positive regulation of megakaryocyte differentiation'), (""10-(6'-ubiquinonyl)decyltriphenylphosphonium bromide"", 'apoptotic process'), (""10-(6'-ubiquinonyl)decyltriphenylphosphonium bromide"", 'apoptotic process')]"
85,"Show 5 exposure studies with the chemical name, disease, and outcome notes","SELECT chemical_name, disease_name, outcome_notes FROM exposure_studies LIMIT 5;","[('Carbamates', ""Agricultural Workers' Diseases"", ''), ('Carbamates', 'Retinal Degeneration', ''), ('Fungicides, Industrial', ""Agricultural Workers' Diseases"", ''), ('Fungicides, Industrial', 'Retinal Degeneration', ''), ('Hydrocarbons, Chlorinated', ""Agricultural Workers' Diseases"", '')]"
86,Get 5 gene symbols with their full name and description,"SELECT symbol_from_authority AS GeneSymbol, full_name_from_authority AS FullName, description FROM gene_info LIMIT 5;","[('A1BG', 'alpha-1-B glycoprotein', 'alpha-1-B glycoprotein'), ('A2M', 'alpha-2-macroglobulin', 'alpha-2-macroglobulin'), ('A2MP1', 'alpha-2-macroglobulin pseudogene 1', 'alpha-2-macroglobulin pseudogene 1'), ('NAT1', 'N-acetyltransferase 1', 'N-acetyltransferase 1'), ('NAT2', 'N-acetyltransferase 2', 'N-acetyltransferase 2')]"
87,Find 5 genes and their associated GO terms,"SELECT gene_info.symbol_from_authority AS GeneSymbol, go_gene.GO_term FROM go_gene JOIN gene_info ON go_gene.entrez = gene_info.entrez LIMIT 5;","[('-', 'nucleus'), ('-', 'biological_process'), ('-', 'DNA-binding transcription factor activity'), ('-', 'nucleus'), ('-', 'regulation of transcription, DNA-templated')]"
88,List 5 orthologous gene pairs from different species,"SELECT gene_info.symbol_from_authority AS Gene1, species_info.name_txt AS Species1, gene_info2.symbol_from_authority AS Gene2, species_info2.name_txt AS Species2 FROM homology_gene JOIN gene_info ON homology_gene.entrez = gene_info.entrez JOIN gene_info AS gene_info2 ON homology_gene.ortho_group = gene_info2.entrez JOIN species_info ON gene_info.tax_id = species_info.tax_id JOIN species_info AS species_info2 ON gene_info2.tax_id = species_info2.tax_id LIMIT 5;","[('ACADM', 'Homo sapiens', 'A2MP1', 'Homo sapiens'), ('ACADM', 'Pan troglodytes', 'A2MP1', 'Homo sapiens'), ('ACADM', 'Macaca mulatta', 'A2MP1', 'Homo sapiens'), ('ACADM', 'Canis lupus familiaris', 'A2MP1', 'Homo sapiens'), ('ACADM', 'Bos taurus', 'A2MP1', 'Homo sapiens')]"
89,Show 5 pathway names and the genes involved in those pathways,"SELECT path_name, group_concat(gene_info.symbol_from_authority) AS Genes FROM pathway_gene JOIN gene_info ON pathway_gene.entrez = gene_info.entrez GROUP BY path_name LIMIT 5;","[(' NS1 Mediated Effects on Host Pathways', 'PABPN1,CPSF4,EIF2AK2'), ('&alpha;-tocopherol degradation', 'CYP4F2'), ('&beta;-alanine degradation', 'ABAT,ALDH6A1'), ('&gamma;-glutamyl cycle', 'OPLAH,GSS,CNDP2,GCLM,GGCT,GCLC'), ('&gamma;-linolenate biosynthesis', 'ACSBG1,ACSM5,ACSL4,ACSM3,FADS2,SLC27A2,ACSL1,ACSL3,ACSM4,ACSBG2,ACSM6,ACSM1,ACSL5,ACSL6')]"
